1,732-1623-1-ND,
8,478-1318-1-ND,150pF
62,478-1395-1-ND,0.1uF
4,445-2707-1-ND,0.1uF
15,490-4736-1-ND,1uF
5,493-2325-1-ND,6.8uF
32,399-3824-1-ND,10uF
8,490-1642-1-ND,0.01uF
1,478-1328-1-ND,1000p
15,478-1395-1-ND,0.1u
4,478-1321-1-ND,270pF
6,P11500CT-ND,LED SMD
16,490-2505-1-ND,10uH
1,FDV304PCT-ND,FDV304P
8,541-200CCT-ND,200R
4,541-499KCCT-ND,499K
4,541-39.2KCCT-ND,39K2
4,541-49.9KCCT-ND,49K9
4,541-100KCCT-ND,100K
4,541-20.0KCCT-ND,20K
4,541-3.32KCCT-ND,3K32
4,541-10.0KCCT-ND,10K
4,541-26.7KCCT-ND,26K7
13,541-1.00KCCT-ND,1K
4,541-100CCT-ND,100R
8,541-249CCT-ND,249R
1,541-100CCT-ND,100R
1,541-2.61KCCT-ND,2K61
1,541-1.00KCCT-ND,1K
2,541-301CCT-ND,301R
1,541-150CCT-ND,150R
1,Y9103CT-ND,10K
1,CT2198MST-ND,SW-SPST-8POS
12,296-10030-1-ND,THS4031
4,DG213DY-T1-E3CT-ND,DG213A
1,MAX6341CSA+-ND,MAX6341
1,FIN1002M5XCT-ND,FIN1002M5X
8,SSM2210SZ-ND,SSM2210
4,BAS70DW-04-FDICT-ND,Diode array
1,544-1300-ND,EPM570T144C3
1,DS2411R+CT-ND,DS2411
